,Unnamed: 0,threshold,portion,weight,roc_auc,avg_prec,F1 (0.5),prec_rec_auc,ext_avg_prc,ext_avg_prec,ext_F1 (0.5),ext_prec_rec_auc
0,0,2.5,0.010068383999168871,99.3208046179554,0.9636830979947969,0.2646065012366788,0.0963552529438064,0.26460761203715155,0.9439686719639164,0.7592278251362814,0.646103998256324,0.7592841469690034
1,1,3.0,0.004895116202533245,204.28524239782,0.9573808282112474,0.15034153523949395,0.04090976221728987,0.15035126403114596,0.9265865176163146,0.6945388431684922,0.512605241575329,0.6951925645864531
2,2,3.5,0.0020410525612533084,489.94328660793997,0.9553599725496532,0.07180353437495053,0.020690186312062986,0.0717954002441524,0.9332313813924202,0.6701914046939568,0.41149915102731693,0.6703069791346056
3,3,4.0,0.0007985156262293457,1252.3236454646221,0.9487423789351909,0.020827792215240015,0.003589313271562985,0.02081766179401757,0.9411510630548912,0.4972076154400494,0.15803568317085598,0.4974500175237416
4,4,4.5,0.0003029157523997128,3301.2479281052665,0.9298932428014804,0.005125140956964936,0.004265858071167149,0.005122356359888238,0.9191282746075202,0.24316314572457265,0.22314284009200536,0.243222899174887
5,5,5.0,0.00011008354340447112,9084.009917138845,0.9180437623327252,0.0014324276399322949,0.001061456864565378,0.001430475996093076,0.90536578070848,0.09457531864613088,0.07430857649065349,0.09467546000713303
6,6,5.5,4.1668990888865665e-05,23998.66132268658,0.8986858522909441,0.0005715596214468892,0.0003935377821120348,0.0005686944620904812,0.8980278025789978,0.03453419608851468,0.030513601875330136,0.034539221603027644
7,7,6.0,1.4331079910334665e-05,69778.41211246497,0.541425271218941,1.944701613882136e-05,4.467627332181222e-05,1.8785548889794172e-05,0.5714242035895419,0.0018538723801851493,0.005135625952529097,0.0018675497454354265
