threshold,portion,weight,avg_prec,roc_auc,max_F1,prec_rec_auc,ext_avg_prc,ext_roc_auc,ext_max_F1,ext_prec_rec_auc
6.0,1.4331079981757378e-05,69778.41176470589,"[0.0037673929011155867, 4.29984193914416e-06, 0.00011258933259927674, 0.00010997518999345759, 2.8377010967636755e-05, 0.00012090191173132378, 0.00010384059380575058, 3.7082150401700553e-06]","[0.9407227711751717, 0.37887512540348245, 0.891246634364447, 0.9435370466796704, 0.3676583734359026, 0.7814694868318977, 0.912218966790805, 0.1929195126056071]","[0.0062988705473501294, 1.1915297723075968e-05, 0.00041318045656440447, 0.0002544767586729744, 0.00021341269978601053, 0.00040587847322047656, 0.0006130737987585255, 1.1914822635099195e-05]","[0.00317316033228965, 4.277072777844286e-06, 0.00011075434939628189, 0.00010849287974715839, 2.760428187792057e-05, 0.0001195279033503364, 0.00010130340438500651, 3.6811099524142596e-06]","[0.0077015443153348835, 0.0004188058321578856, 0.008125916501656175, 0.010852615892420892, 0.0023556455862957957, 0.007468923412800204, 0.006410660856404596, 0.000318273606283439]","[0.901126693689408, 0.4217030622391724, 0.9112198796176086, 0.8748787723871131, 0.36532784497008997, 0.8224469664046903, 0.8696110906612864, 0.18882730661795258]","[0.01542130865819081, 0.00141753490679708, 0.02220954295008814, 0.027980023207663077, 0.015908575623765155, 0.020278140090823033, 0.015565834252025117, 0.0010218606122750953]","[0.007697309718339561, 0.00041809849509506005, 0.008123440139401016, 0.010857290739598112, 0.002354465970242106, 0.007467651704717926, 0.00640890239043565, 0.0003182516558756602]"
