threshold,portion,weight,avg_prec,roc_auc,max_F1,prec_rec_auc,ext_avg_prc,ext_roc_auc,ext_max_F1,ext_prec_rec_auc
4.8,0.00016362119439762137,6111.677669152484,"[0.002418885723543858, 0.0031057795578178847, 0.0029394847663441106, 0.0024521471690321286, 0.0029988666565507888, 0.002771737932996435, 0.0027341306817621064, 0.002883172315081525]","[0.6769821235657231, 0.9533805485568932, 0.955856724575389, 0.9141341323309686, 0.9187027517846027, 0.9142158982705919, 0.9466819284299958, 0.9378137005789409]","[0.009042395493625854, 0.006869516520440545, 0.008585112513993865, 0.007547808207590752, 0.008253554128786355, 0.009179686599041439, 0.008173251727063386, 0.007234235395367596]","[0.002414028447393545, 0.003101328262283761, 0.0029327680121597937, 0.002448004453580403, 0.002992690486371301, 0.002768544578315503, 0.0027278893767963947, 0.002867608402794721]","[0.13284037320979106, 0.16926929576453745, 0.17593518779733427, 0.12797092073054633, 0.16584977150874491, 0.15657112202725526, 0.16607049532228774, 0.16817204956517673]","[0.6333824574644138, 0.9321304746576526, 0.9413890970457006, 0.8718922666957634, 0.8994853660353199, 0.8955022795780417, 0.9362792311368731, 0.9259265186821187]","[0.25134965348256905, 0.2686945500633714, 0.26680596022048075, 0.250277239727344, 0.2558178035507617, 0.23951245892092016, 0.26305000280947316, 0.25832745079411273]","[0.13283689050616754, 0.16933590994666098, 0.17599753184634714, 0.12807477400682032, 0.1658592653078845, 0.1565969023260488, 0.16609263676128874, 0.16817928123227216]"
