threshold,portion,weight,avg_prec,roc_auc,max_F1,prec_rec_auc,ext_avg_prc,ext_roc_auc,ext_max_F1,ext_prec_rec_auc
5.6,3.4102556224157106e-05,29323.315044976996,"[0.00021790614149201767, 0.0001280098503072622, 0.00024047748516184595, 0.00027583618351082097, 0.0002034811676147686, 0.0002563903991725837, 0.000276633472783572, 0.00011552618004323167]","[0.6103052070158828, 0.6722995447643454, 0.8699315587714019, 0.7264728299207903, 0.6141899239900102, 0.8162310960379624, 0.6770132897985945, 0.49161686902586993]","[0.0011646094732904893, 0.0008398924937607987, 0.0010882496702972397, 0.0016244590187782613, 0.0011079742182922283, 0.0013952901535561344, 0.0013015108078161001, 0.0009955151028783592]","[0.00021493463569529367, 0.00012664591166013442, 0.00023878389422007338, 0.0002723532992764799, 0.0002017452898725387, 0.0002541866084972593, 0.00027231120391945165, 0.00011438253884685383]","[0.017367160399449612, 0.009338034316712459, 0.022423707238603867, 0.019791341840628786, 0.01641683755303666, 0.020817938330118364, 0.020946160595588733, 0.008178666154707822]","[0.593100531209661, 0.5897328970669751, 0.8321584021539945, 0.673515312854871, 0.5793542296920748, 0.8244438002103565, 0.654908751112964, 0.4596722866177217]","[0.06983358188272869, 0.04299627589036268, 0.06710671297996705, 0.06847114645501187, 0.06368602527457227, 0.0720193496867784, 0.07476898287580498, 0.05616861161377091]","[0.017435613681266903, 0.009359371026893267, 0.02246090801718741, 0.019895388087607692, 0.01644645506184975, 0.02081619464250168, 0.021015207571819808, 0.008177205437612833]"
