threshold,portion,weight,avg_prec,roc_auc,max_F1,prec_rec_auc,ext_avg_prc,ext_roc_auc,ext_max_F1,ext_prec_rec_auc
5.2,7.148620111878082e-05,13988.71368669331,"[0.0009158863192367501, 0.0008462759617435092, 0.0008255638752812497, 0.0007964413204105421, 0.0007482053688681362, 0.0009127049880819107, 0.0008506872720649665, 0.0009034239067611329]","[0.9196877606387505, 0.7484544073683982, 0.9015899562853734, 0.674836747244564, 0.8404979422103066, 0.8815146758638664, 0.9393028388282482, 0.7591261501712838]","[0.0030160260381566586, 0.003157100307068333, 0.0029561290951321323, 0.002972658878218851, 0.0025543366706958282, 0.0028821154576957374, 0.0027048211177978826, 0.002960957974585111]","[0.0009131765441251129, 0.0008444083949795363, 0.0008234536882180687, 0.0007942580913316537, 0.000746640996002832, 0.0009108040941315695, 0.0008492449408440702, 0.0009010897282942219]","[0.06575230808342232, 0.0591161719104036, 0.05889379364393791, 0.05612833792859907, 0.05946965233164763, 0.06629986960366953, 0.06571663128169185, 0.05971794944739502]","[0.902703976132337, 0.7077508903246378, 0.8875296499469962, 0.6544968436412085, 0.8118103360624958, 0.8724256956589073, 0.9304417738506506, 0.6961400584599153]","[0.14502366295413302, 0.14457346888473036, 0.13825445792466143, 0.14021254419418483, 0.1420652903250902, 0.14510052508491483, 0.14473074556358317, 0.1484187936170306]","[0.06577946731120439, 0.059301373962456834, 0.058890538291295445, 0.05616379992207949, 0.05952601225098843, 0.06634291302131241, 0.06579345707750495, 0.06020892452794317]"
