threshold,portion,weight,avg_prec,roc_auc,max_F1,prec_rec_auc,ext_avg_prc,ext_roc_auc,ext_max_F1,ext_prec_rec_auc
5.3,5.972725288276496e-05,16742.77573024897,"[0.0007894725719861482, 0.0006941917427814278, 0.0008009022659425798, 0.0008524140200358611, 0.0005742858573613408, 0.002013134277661955, 0.0008540271804385535, 0.0008547902512474579]","[0.9083809104349424, 0.7832823466487492, 0.9052825393724384, 0.9478056039654791, 0.6066341316968042, 0.8629877441381367, 0.9140851302500195, 0.9300223482203357]","[0.0023382104506316096, 0.002587213453509959, 0.0029680682941098826, 0.0030143621661740385, 0.0032507707472578177, 0.013556985294117646, 0.002847765656064352, 0.0026686062294796475]","[0.0007856471458077318, 0.0006916093714080384, 0.0007972078453871202, 0.0008500393986405584, 0.000570139886950986, 0.001863925834421436, 0.0008514741399600763, 0.0008519261932261348]","[0.048042675430300545, 0.03721105368854351, 0.04642870314493969, 0.04773479063402971, 0.0220235284854979, 0.032702642244357566, 0.04767812521860444, 0.05091782742586452]","[0.8995392253427476, 0.7488150727206355, 0.8921352605405863, 0.9110176132505589, 0.506226775928513, 0.7763586608330828, 0.8772230233980123, 0.9215253195304696]","[0.1120412591064064, 0.10719555594132453, 0.11543208420787836, 0.11815275414553282, 0.09449964661372802, 0.091926777051761, 0.11819783991054862, 0.11919532908408959]","[0.048057698727427975, 0.03721772372596208, 0.04644471822514635, 0.04785751993694573, 0.022073939636953546, 0.03272254096978216, 0.047723327124043195, 0.050917235036594725]"
