threshold,portion,weight,avg_prec,roc_auc,max_F1,prec_rec_auc,ext_avg_prc,ext_roc_auc,ext_max_F1,ext_prec_rec_auc
5.1,8.905605110294192e-05,11228.883243925527,"[0.0009312208844173965, 0.0007783483999799052, 0.0009635368819227219, 0.0009503717051503247, 0.0010093338571951196, 0.0007521335283656084, 0.0007929425513412578, 0.0008931457255206221]","[0.8136130103094323, 0.8484819202434455, 0.8789513512075884, 0.933860096950018, 0.9261465654382517, 0.7895848618359764, 0.8354325677310606, 0.8153248156382363]","[0.00302967563837129, 0.002933139345103196, 0.0031694541530083455, 0.0030296407839943956, 0.0031802993836752193, 0.0029093881869221797, 0.002962140901616937, 0.003114706819872194]","[0.0009297768244204942, 0.0007764751275897351, 0.0009617183652252182, 0.000948579557608205, 0.0010076594830462102, 0.0007503926818569213, 0.000788878914736713, 0.0008913978586024815]","[0.0674337259836311, 0.056839824267668725, 0.06817190284943572, 0.06849519141451219, 0.07298080058151517, 0.05727337457492198, 0.05439981474685408, 0.06380098061935953]","[0.7603859763988201, 0.7939925425230944, 0.8401161676801858, 0.8894625301365974, 0.9190356469791346, 0.7401038029479174, 0.8153417384734181, 0.7757352177308836]","[0.1563851802358955, 0.15258573385176, 0.15298571507220185, 0.153496237665424, 0.1569227658558871, 0.1479109804744909, 0.13648861944148535, 0.14791321919424244]","[0.0675153598709251, 0.05692765661766048, 0.06825138255351278, 0.06862639443716288, 0.07297686672638914, 0.05738625342079952, 0.0544012631711756, 0.06383063887391167]"
