threshold,portion,weight,avg_prec,roc_auc,max_F1,prec_rec_auc,ext_avg_prc,ext_roc_auc,ext_max_F1,ext_prec_rec_auc
4.7,0.00020508127227810143,4876.115643772413,"[0.0033084973603951565, 0.0035886857531065475, 0.0033701116453576855, 0.003378570794947885, 0.003602830338393832, 0.001259837284968424, 0.0033729003277549545, 0.003810261315008107]","[0.9443298561656311, 0.9280025702790006, 0.9262460746554338, 0.8543757341723504, 0.9377290996563882, 0.8981085841619167, 0.8717245192687509, 0.8807557466643946]","[0.010359817351598173, 0.00897085668918284, 0.01006852659404307, 0.0088356154319607, 0.008584650109263537, 0.0023651519265976977, 0.011358676194353032, 0.008754146065633683]","[0.003304372137829126, 0.003584342535005426, 0.003365922993694424, 0.0033736847095880954, 0.003599116388554091, 0.0012582272146564753, 0.003369002393033311, 0.0038052910198818415]","[0.17253060681649116, 0.1819988535952198, 0.18598151316958766, 0.16407060317617603, 0.17147275612505505, 0.06537115859376608, 0.17395102275117422, 0.1816467853221107]","[0.9349711701163491, 0.8821769614400875, 0.8892557898384246, 0.7764308135842443, 0.9139723147605661, 0.8832045925782516, 0.8365921301938112, 0.8419240926202312]","[0.2667181468293959, 0.2902962885481146, 0.28572817072526546, 0.2872363752631055, 0.28526740483254964, 0.11600701981085944, 0.28734979881937533, 0.2889650300514142]","[0.17253698588146144, 0.18206644907315672, 0.186156947776509, 0.1642367772398659, 0.17157413058366336, 0.06538408363034533, 0.17400231378891842, 0.18173717630760333]"
