threshold,portion,weight,avg_prec,roc_auc,max_F1,prec_rec_auc,ext_avg_prc,ext_roc_auc,ext_max_F1,ext_prec_rec_auc
5.9,1.7984166065789452e-05,55604.46875,"[0.0002292927630002848, 0.0003605142827465017, 0.00016775754447098364, 0.00020446097769788744, 0.0010207059599476303, 0.0001733729376505525, 0.00011024607771737853, 0.00014558930488763823]","[0.7719988996714865, 0.6522783337251805, 0.9132266888973524, 0.8970653362741386, 0.7920200092660362, 0.9260335678654712, 0.5079360154660886, 0.9259784183269645]","[0.0007997973846625521, 0.011904761904761908, 0.00048195848154243196, 0.0006129794725434236, 0.007680945347119648, 0.0006949765668157598, 0.0005596862647549235, 0.0006759968312648535]","[0.0002146372859177129, 0.00031600828199399234, 0.00016423230153477382, 0.000198472105963175, 0.0008934536102535611, 0.0001708275244302409, 0.00010666467669282202, 0.00014419248239798627]","[0.009827030026576295, 0.00719674026467749, 0.010290917544223784, 0.010909654516114742, 0.010208197918648465, 0.010886833375014058, 0.006292104668404127, 0.010711860664319044]","[0.747567451342033, 0.6461343511314072, 0.8664578632950348, 0.8453099689274026, 0.8315179292629874, 0.890637715976422, 0.5168427810326864, 0.8401987605762182]","[0.03634636590931424, 0.032872885115771557, 0.03185112491155143, 0.03435921158852395, 0.029961937217602132, 0.034304202798898946, 0.031429151846738126, 0.036540311199403125]","[0.009829807376815023, 0.007211404827050059, 0.010307650062901522, 0.010914415133547593, 0.010210911017606713, 0.010898928119013473, 0.006289211976681978, 0.010708978468363958]"
