threshold,portion,weight,avg_prec,roc_auc,max_F1,prec_rec_auc,ext_avg_prc,ext_roc_auc,ext_max_F1,ext_prec_rec_auc
4.5,0.00030291575545817026,3301.2478947734708,"[0.0058994958650080975, 0.0052644213923391785, 0.005530872659833988, 0.004625978587009517, 0.00594633429830524, 0.006387975726016064, 0.005886404388323371, 0.0055338054404676425]","[0.9442792308039941, 0.9283907709025858, 0.9316176097606936, 0.8449049156677341, 0.9346308008409083, 0.9530352829374578, 0.9545686968800168, 0.9029750325526262]","[0.014248864976127044, 0.013460249982672179, 0.014218569559655588, 0.013420759486916092, 0.0165570289413896, 0.012448695576849208, 0.014086835384258185, 0.013686764980399476]","[0.0058947869171809214, 0.005256626510055014, 0.005523204330322855, 0.004621703066140937, 0.00593719205284786, 0.006382607283903074, 0.005878359133661275, 0.005525790508630349]","[0.25465699934356795, 0.24163570723877534, 0.24221598327662114, 0.1889459118159639, 0.25440141267483296, 0.2628635857543716, 0.25324618595900406, 0.24814619015500722]","[0.921654929063753, 0.9015745224495133, 0.9018690989089309, 0.8167662481365016, 0.9087362113780154, 0.9360472662421278, 0.9419933145592115, 0.8755231058495636]","[0.34557851029857817, 0.3270957786730704, 0.3381685010773195, 0.3314520101491076, 0.35712708870064114, 0.3590504589138319, 0.36674915849346895, 0.34003820699116677]","[0.254765099937588, 0.24180492205575124, 0.2424350214285148, 0.18894399897288866, 0.2545039814624242, 0.2629765211058676, 0.25331260476202366, 0.24818864543991837]"
