threshold,portion,weight,avg_prec,roc_auc,max_F1,prec_rec_auc,ext_avg_prc,ext_roc_auc,ext_max_F1,ext_prec_rec_auc
5.5,4.166898831045076e-05,23998.662807687982,"[0.0005571264590616672, 0.0005232578763946985, 0.0005625647923485088, 0.0005489574563849188, 0.002947422363801304, 0.0005473103557945985, 0.003009413230259426, 0.0005427070270276681]","[0.9269676379747792, 0.8738009146866033, 0.9240598122992159, 0.9350303717841939, 0.7329313014633154, 0.9460120615149351, 0.6049794297632307, 0.8352036514043378]","[0.0016498473891165067, 0.0016692829821574654, 0.002079846148367107, 0.0016625782202253153, 0.010548962454021793, 0.0018477264249282697, 0.006523157208088715, 0.0016073238058632376]","[0.0005507841239930658, 0.0005163205444047042, 0.0005561279942388331, 0.0005438385030208274, 0.003828570281920204, 0.0005419041958623529, 0.0025971218987125254, 0.0005397813370554399]","[0.03177655434385907, 0.026249883651077853, 0.02989597664800401, 0.03028751227509845, 0.01665591105604133, 0.0327496218119038, 0.01281790364859705, 0.027723628724348418]","[0.9137356632752591, 0.8167406930404699, 0.8625294174456327, 0.894240798531048, 0.6438466392002917, 0.9257103812257212, 0.5463004588134718, 0.7961905000968245]","[0.08006724572709442, 0.07750845737102369, 0.08318497655785274, 0.07955467250435613, 0.061031302929552715, 0.08079563068638088, 0.058503475594452146, 0.08005418619843474]","[0.031809531988750556, 0.02629682556147411, 0.029958295331465476, 0.030314716809795642, 0.01674070681518669, 0.032770545550016045, 0.01283408788153124, 0.027786443499518365]"
