threshold,portion,weight,avg_prec,roc_auc,max_F1,prec_rec_auc,ext_avg_prc,ext_roc_auc,ext_max_F1,ext_prec_rec_auc
5.0,0.00011008353725969425,9084.010424201166,"[0.0012451863973269926, 0.0013456074445927324, 0.0013780752986399835, 0.0014083467335140568, 0.0013300232723943242, 0.0013802235939229328, 0.0012691148064983072, 0.0010435172046834513]","[0.9379435718959785, 0.9303877938555569, 0.9337679671613673, 0.9500443849180359, 0.9511843528685797, 0.9461145601089304, 0.9242722495358282, 0.8901366228301096]","[0.004200678571153802, 0.004208699167176902, 0.00422440632440022, 0.00444933574404528, 0.004202742185247603, 0.004126035440914333, 0.004389506760160229, 0.003831473512751319]","[0.0012434646646301872, 0.001342959938186396, 0.0013752890242364536, 0.0014046004189189575, 0.0013277161038718866, 0.001378273504375637, 0.0012664540351898913, 0.0010414641130747988]","[0.08381530210004537, 0.08950018379930229, 0.08965821905524635, 0.0914516875503198, 0.08718575518681668, 0.09125356396400486, 0.08325367296128142, 0.0663185172866619]","[0.9099242353447328, 0.9072399964745979, 0.9055544957715347, 0.9390681883966645, 0.9165615358107011, 0.9309632956997909, 0.9200215647521236, 0.879451764527245]","[0.170146061171635, 0.1784380716778887, 0.18301033440348696, 0.17548307533070995, 0.16836596368808196, 0.17717538327622767, 0.16534885113091022, 0.13811898942849515]","[0.08393810457679214, 0.08953125260536043, 0.08970771699913764, 0.09144838697868568, 0.08728470278100903, 0.09126405062849681, 0.08325057694298951, 0.06631499151158221]"
