threshold,portion,weight,avg_prec,roc_auc,max_F1,prec_rec_auc,ext_avg_prc,ext_roc_auc,ext_max_F1,ext_prec_rec_auc
5.8,2.3229669683463903e-05,43048.395161290326,"[0.00016408829295679465, 0.00020184233658089823, 0.00020772396116245666, 0.00014764446204873694, 0.00019680534280783898, 6.908692040357509e-05, 0.0001716283681103847, 0.00019596785506114286]","[0.6899071471723652, 0.9092899676557795, 0.7592846301376424, 0.6980754303230918, 0.8911286878149418, 0.45264880518563516, 0.667600967299573, 0.6820433863965499]","[0.0006567170985873743, 0.0008242219497428124, 0.0007389014425761885, 0.0006354917239423951, 0.0006695155235372281, 0.0006660376311261586, 0.0009165327440739253, 0.00077340307529486]","[0.00016240499013170354, 0.00019905053260445296, 0.0002050449639878704, 0.00014549421463053448, 0.00019262237609533932, 6.797488852099454e-05, 0.00016880054955686086, 0.0001879584933810908]","[0.015065269082351096, 0.018479393345957666, 0.018318333245260228, 0.014677028609524696, 0.01746748724832144, 0.00666115229486077, 0.014709102522895439, 0.015258321865283373]","[0.6959958375047347, 0.8626919480111027, 0.8165208493435525, 0.6798170702914942, 0.8649971592259823, 0.431534111186776, 0.6558234557547349, 0.7220625954759123]","[0.04710472160705375, 0.055851436003391416, 0.05745088558176185, 0.054832399007104064, 0.048271347953509486, 0.044398871000137424, 0.0582656419380399, 0.053701739064175975]","[0.015140545679981547, 0.018488212552926597, 0.018315820033418986, 0.014702782596660705, 0.017493903371818872, 0.00665980966781288, 0.014717490572407246, 0.01525772220865903]"
