threshold,portion,weight,avg_prec,roc_auc,max_F1,prec_rec_auc,ext_avg_prc,ext_roc_auc,ext_max_F1,ext_prec_rec_auc
4.6,0.0002487095403876503,4020.7544850967647,"[0.004090349212456386, 0.00448039216128282, 0.004737525671631933, 0.004788818622436182, 0.0049304674597723495, 0.004726175824065034, 0.0017203255380177696, 0.004266818541496751]","[0.9031659723633443, 0.9488716752099221, 0.9004062723887216, 0.9075720714571868, 0.9352165686521339, 0.9386001653058753, 0.5355222037372079, 0.938764006511213]","[0.009494945591345746, 0.012041711190537601, 0.011634064917478917, 0.012727420329595989, 0.012740487387772552, 0.01226907117257732, 0.01122073407627032, 0.011968988217046617]","[0.004080756360446636, 0.004476101985847877, 0.004732615449595876, 0.0047832083306137705, 0.00492272743265895, 0.004721827791583305, 0.0017175818024333326, 0.004263356739152689]","[0.19202584928480246, 0.22822766476068188, 0.2228504048607256, 0.22838309551426797, 0.23114978163440425, 0.22105811630240219, 0.08445794412154213, 0.20445866162417814]","[0.886570292700622, 0.9289314892087961, 0.8759414486891316, 0.8743561165731725, 0.9159482172507595, 0.9296670622668503, 0.4956652085167347, 0.9141805797363364]","[0.29268990104042997, 0.3125525988002566, 0.3215586717281186, 0.33377631249610035, 0.33713965776673543, 0.31504387612603457, 0.20013330523369255, 0.3050494731836826]","[0.19202583483646363, 0.22829522177258163, 0.22284759696891335, 0.22838122398414, 0.23115512511844866, 0.22105537020059038, 0.0844876590829496, 0.2046007098178399]"
