threshold,portion,weight,avg_prec,roc_auc,max_F1,prec_rec_auc,ext_avg_prc,ext_roc_auc,ext_max_F1,ext_prec_rec_auc
4.9,0.00013522727586497065,7394.957811607004,"[0.0022986702296000617, 0.0025346571758767932, 0.002554996410981758, 0.002691530129371078, 0.0023353990798794084, 0.002204935302971016, 0.00227787397562411, 0.0024734117493354205]","[0.9544234100861939, 0.9392043750114226, 0.9314351513286878, 0.9238157922475956, 0.9464016276367336, 0.9460589635712904, 0.9498333226801782, 0.9484710824047136]","[0.007607529503559933, 0.008637958384956521, 0.005603848725671781, 0.005593830516697184, 0.0078011103065411536, 0.005778478517934568, 0.006946200664272587, 0.007347354138398914]","[0.002279350570086624, 0.0025195502201312238, 0.00248712799508465, 0.0026813550317946818, 0.0023281956617462974, 0.002202050493320789, 0.002274230289878307, 0.00247024237395748]","[0.13295579114635953, 0.12675092127285248, 0.11905351020591581, 0.13613507548914233, 0.13766291596346159, 0.1352173681789507, 0.14059687246727898, 0.1376583830829404]","[0.9361595071651391, 0.8890534578187919, 0.9011582592206978, 0.9034202778913005, 0.9407447969198214, 0.9371021121928242, 0.9304588028159706, 0.9403820665007191]","[0.2199564588411484, 0.2230004348752061, 0.23415178155880742, 0.24214850672895674, 0.2355241584747447, 0.23148584487380225, 0.2358331201095278, 0.23355990641311133]","[0.13307252675138898, 0.12680044181406663, 0.11907450499950696, 0.13614817774797916, 0.13765790854322218, 0.1352155371072255, 0.1406353579943217, 0.13766111151421215]"
