threshold,portion,weight,avg_prec,roc_auc,max_F1,prec_rec_auc,ext_avg_prc,ext_roc_auc,ext_max_F1,ext_prec_rec_auc
4.4,0.00036570681048083044,2734.4308920175768,"[0.006583140602921972, 0.007245204431337788, 0.006385835485964485, 0.00682855599510662, 0.006608316887231746, 0.006196954206761939, 0.007004153535327084, 0.006814136831422194]","[0.9446840116942068, 0.9566732343266124, 0.945633109595202, 0.9479093262316429, 0.9443999547014736, 0.94413142451368, 0.9559564627909611, 0.9528541061745883]","[0.014448998393322438, 0.012235448502630138, 0.014327108228944096, 0.017842080216340886, 0.015040897934073658, 0.014412595191238128, 0.014776525351483742, 0.013864333899573708]","[0.006575143966525549, 0.007233838141791962, 0.006381203143766323, 0.006815564848955207, 0.0065990023385526396, 0.006187302983470659, 0.006999919883151242, 0.006809626011050693]","[0.2859351756699501, 0.28961901634142917, 0.28615153029201573, 0.2862351116399104, 0.2793926812049477, 0.2856452621129518, 0.2939695577216804, 0.2917865752437124]","[0.9307843775938696, 0.9510726063551396, 0.9329648210970877, 0.9307839228308978, 0.9353098913351132, 0.9377462011844454, 0.9434185672736595, 0.9461229692095044]","[0.35418302291843173, 0.37378424808753913, 0.3703663359917007, 0.37794570611019573, 0.34977295900997696, 0.3516317906962503, 0.373937514788703, 0.36614553051745174]","[0.28596308168685064, 0.2896223735430025, 0.28616841189737563, 0.28628921615262765, 0.2794002790126621, 0.2856429903012859, 0.29406233072283733, 0.29178491606946555]"
