threshold,portion,weight,avg_prec,roc_auc,max_F1,prec_rec_auc,ext_avg_prc,ext_roc_auc,ext_max_F1,ext_prec_rec_auc
5.7,2.800687264300857e-05,35705.52173913044,"[0.00027980468185044837, 0.004139188092381083, 0.00030064647747058494, 0.00027823600948908146, 0.0003029699501895269, 0.0002443087344053218, 0.00018113137946721417, 0.00020784940179803548]","[0.936285945213612, 0.8700108503308801, 0.9241667309140584, 0.7770583914850029, 0.8400410417339271, 0.6145865707378115, 0.629974544965183, 0.7334404773173543]","[0.0011487032217535674, 0.008680481681630568, 0.0010374562112638102, 0.0010339402112834344, 0.0013965306557875206, 0.0014949786305995744, 0.0010275732145915396, 0.001036976395142584]","[0.00027684533506824746, 0.003993377880013439, 0.00029624396246228035, 0.0002755001139383663, 0.00029783643636895854, 0.00024199934857291937, 0.00017881432116050147, 0.00020546135078985107]","[0.022542493035885465, 0.02230802624549439, 0.021936274820185855, 0.02027897940701735, 0.02101226789738072, 0.01620210153667468, 0.013890799530198401, 0.0173476532396105]","[0.9081130898109822, 0.8426234578658296, 0.9078273318652383, 0.7768726698858065, 0.7914675593773691, 0.604890093226191, 0.6074012331661713, 0.7504352548546704]","[0.06351400429208165, 0.04134245987636264, 0.06578783098207902, 0.06214700249832311, 0.06808475002093627, 0.06958212677812771, 0.06090141480881101, 0.0642033383428771]","[0.022589445179935864, 0.02239914004257752, 0.0219436740163773, 0.0202765224744644, 0.021070197310693536, 0.01620071394994585, 0.013892563211418683, 0.01734477458861513]"
