,threshold,portion,weight,avg_prec,roc_auc,F1 (0.5),prec_rec_auc,ext_avg_prc,ext_roc_auc,ext_F1 (0.5),ext_prec_rec_auc
0,2.5,0.010068383999168873,99.32080461795539,0.24586756304279783,0.9621803732362836,0.0,0.24769057072969763,0.48182261250570957,0.8636407602744373,0.0,0.5048204705644821
1,3.0,0.004895116202533245,204.28524239781999,0.12907004097894528,0.9599295568131277,0.0,0.13048672852503562,0.4498467600580074,0.8766389307862956,0.0,0.46652618332363394
2,3.5,0.0020410525612533092,489.94328660793997,0.048781152317060955,0.9567479541633287,0.0,0.04885466715070612,0.4174330586368555,0.8975975973006595,0.0,0.42781887587208783
3,4.0,0.0007985156262293458,1252.3236454646221,0.01592938936209736,0.9536394520223769,0.0,0.01587917628833748,0.3233353520554133,0.9069833166404729,0.0,0.32930205546820934
4,4.5,0.0003029157523997128,3301.247928105267,0.004710103073537929,0.9485887742175797,0.0,0.004672226510713739,0.16630022284111895,0.901960376344095,0.0,0.1692816622083132
5,5.0,0.00011008354340447113,9084.009917138843,0.0011277189595256445,0.9439660222840351,0.0,0.001083524171088212,0.05943768866573941,0.9035929116498599,0.0,0.06053244471410845
6,5.5,4.1668990888865665e-05,23998.66132268658,0.0003970859749004771,0.9395394684718412,0.0,0.0003629773758473869,0.02043914130756883,0.9105030369525801,0.0,0.02074943159331656
7,6.0,1.4331079910334665e-05,69778.41211246498,0.00021902767883721208,0.9561941463237896,0.0,0.00014703749121019143,0.0071595231646234955,0.937934341962052,0.0,0.007185732500059237
